{"AvgKLDivergenceList-T matrix": [0.2209978494130717, 0.28417666619864174, 0.34719960563675445, 0.4086381924925057, 0.46868498084970556, 0.5276720100268989, 0.5858773659300129, 0.6435103530078722, 0.7007243831312883, 0.7576312580894972, 0.8143125027075157, 0.8708277052325852, 0.9272205339715345, 0.9835230654784469, 1.0397589070951887, 1.0959454596752074, 1.152095564497577, 1.208218706591805, 1.264321896735064, 1.3204103195485988], "AvgKLDivergenceList-B matrix": [1.9033043745139562, 1.9033043745139562, 1.9033043745139562, 1.9033043745139562, 1.9033043745139562, 1.9033043745139562, 1.9033043745139562, 1.9033043745139562, 1.9033043745139562, 1.9033043745139562, 1.9033043745139562, 1.9033043745139562, 1.9033043745139562, 1.9033043745139562, 1.9033043745139562, 1.9033043745139562, 1.9033043745139562, 1.9033043745139562, 1.9033043745139562, 1.9033043745139562]}