{"0": 1.524631143942145e-11, "1": 1.6261572273875116e-17, "2": 9.122975152435896e-15, "3": 4.861371504908632e-26, "4": 1.9218169100102714e-12, "5": 3.9335941230409524e-10, "6": 3.951581101030434e-09, "7": 3.4130221174873404e-12, "8": 4.5440909305471274e-09, "9": 2.0444022372018324e-16, "10": 3.5882975291608605e-25, "11": 3.492616240923471e-17, "12": 3.163020611888358e-17, "13": 9.550545030942883e-37, "14": 2.138038039063107e-22, "15": 2.7384552644979547e-09, "16": 4.749269286682186e-09, "17": 6.938432439422844e-22, "18": 2.036198428016649e-20, "19": 2.697322227895803e-24}